{
    "action_type": "0",
    "x_list": [
        326.5625,
        332.421875,
        332.421875,
        332.421875,
        367.578125,
        320.703125,
        350.0,
        344.140625,
        308.984375,
        320.703125,
        338.28125,
        350.0,
        314.84375,
        320.703125,
        344.140625,
        361.71875,
        355.859375,
        361.71875,
        361.71875,
        361.71875,
        361.71875,
        361.71875,
        361.71875,
        350.0,
        350.0,
        314.84375,
        314.84375,
        338.28125,
        367.578125,
        308.984375,
        308.984375,
        332.421875,
        373.4375,
        308.984375,
        308.984375,
        332.421875,
        367.578125,
        314.84375,
        314.84375,
        326.5625,
        361.71875,
        361.71875
    ],
    "y_list": [
        276.5625,
        276.5625,
        276.5625,
        288.28125,
        270.703125,
        258.984375,
        253.125,
        247.265625,
        258.984375,
        235.546875,
        223.828125,
        235.546875,
        229.6875,
        223.828125,
        217.96875,
        229.6875,
        217.96875,
        206.25,
        206.25,
        217.96875,
        288.28125,
        206.25,
        212.109375,
        235.546875,
        258.984375,
        223.828125,
        212.109375,
        206.25,
        229.6875,
        235.546875,
        223.828125,
        212.109375,
        241.40625,
        253.125,
        241.40625,
        229.6875,
        258.984375,
        270.703125,
        270.703125,
        264.84375,
        282.421875,
        305.859375
    ],
    "z_list": [
        -118.75,
        -93.75,
        -62.5,
        -25.0,
        -43.75,
        -100.0,
        -100.0,
        -68.75,
        -75.0,
        -75.0,
        -93.75,
        -62.5,
        -56.25,
        -62.5,
        -75.0,
        -50.0,
        -37.5,
        -43.75,
        -50.0,
        -37.5,
        0.0,
        8.981585502624512,
        2.7315855026245117,
        -3.5184144973754883,
        -9.768414497375488,
        -28.518413543701172,
        -53.51841354370117,
        -53.51841354370117,
        -28.518413543701172,
        -41.01841354370117,
        -59.76841354370117,
        -72.26841735839844,
        -53.51841354370117,
        -47.26841354370117,
        -66.01841735839844,
        -84.76841735839844,
        -66.01841735839844,
        -66.01841735839844,
        -84.76841735839844,
        -91.01841735839844,
        -72.26841735839844,
        -3.5184144973754883
    ]
}