{
    "action_type": "0",
    "x_list": [
        326.5625,
        332.421875,
        332.421875,
        332.421875,
        385.15625,
        320.703125,
        350.0,
        367.578125,
        379.296875,
        320.703125,
        344.140625,
        344.140625,
        314.84375,
        320.703125,
        350.0,
        367.578125,
        355.859375,
        367.578125,
        367.578125,
        355.859375,
        361.71875,
        361.71875,
        355.859375,
        350.0,
        344.140625,
        320.703125,
        320.703125,
        338.28125,
        367.578125,
        308.984375,
        314.84375,
        332.421875,
        373.4375,
        308.984375,
        308.984375,
        332.421875,
        367.578125,
        314.84375,
        314.84375,
        326.5625,
        361.71875,
        361.71875
    ],
    "y_list": [
        276.5625,
        276.5625,
        276.5625,
        288.28125,
        270.703125,
        258.984375,
        253.125,
        294.140625,
        264.84375,
        235.546875,
        223.828125,
        241.40625,
        229.6875,
        223.828125,
        217.96875,
        241.40625,
        217.96875,
        217.96875,
        212.109375,
        217.96875,
        294.140625,
        206.25,
        212.109375,
        247.265625,
        270.703125,
        223.828125,
        212.109375,
        206.25,
        229.6875,
        235.546875,
        223.828125,
        212.109375,
        241.40625,
        258.984375,
        241.40625,
        229.6875,
        264.84375,
        270.703125,
        270.703125,
        264.84375,
        288.28125,
        305.859375
    ],
    "z_list": [
        -118.75,
        -93.75,
        -62.5,
        -25.0,
        -43.75,
        -100.0,
        -100.0,
        -75.0,
        -25.0,
        -75.0,
        -93.75,
        -62.5,
        -56.25,
        -62.5,
        -75.0,
        -56.25,
        -43.75,
        -37.5,
        -50.0,
        -37.5,
        0.0,
        15.824472427368164,
        3.3244729042053223,
        3.3244729042053223,
        -2.9255270957946777,
        -27.925527572631836,
        -46.6755256652832,
        -52.9255256652832,
        -27.925527572631836,
        -40.4255256652832,
        -52.9255256652832,
        -71.67552947998047,
        -46.6755256652832,
        -46.6755256652832,
        -65.42552947998047,
        -77.92552947998047,
        -59.1755256652832,
        -59.1755256652832,
        -84.17552947998047,
        -84.17552947998047,
        -65.42552947998047,
        -2.9255270957946777
    ]
}